AlgorithmName;ImprovementType;Alpha;Iterations;Improvements;MaxIntersection;SolutionElements;TimeMs
GRASP;FirstImprovement;0.5;100;3;1;57;459
GRASP;BestImprovement;0.5;100;3;1;57;483
BiasedGRASP;FirstImprovement;0.5;100;3;1;57;517
BiasedGRASP;BestImprovement;0.5;100;3;1;57;515
Greedy;;-1;1;0;1;57;2
Random;;-1;1000;0;1;57;53
GRASP;FirstImprovement;0.75;100;3;1;57;500
GRASP;BestImprovement;0.75;100;3;1;57;484
BiasedGRASP;FirstImprovement;0.75;100;3;1;57;566
BiasedGRASP;BestImprovement;0.75;100;3;1;57;559
Random;;-1;1000;0;1;57;101
GRASP;FirstImprovement;0.25;100;3;1;57;351
GRASP;BestImprovement;0.25;100;3;1;57;352
BiasedGRASP;FirstImprovement;0.25;100;3;1;57;381
BiasedGRASP;BestImprovement;0.25;100;3;1;57;379
Random;;-1;1000;0;1;57;65
GRASP;FirstImprovement;0;100;3;1;57;377
GRASP;BestImprovement;0;100;3;1;57;389
BiasedGRASP;FirstImprovement;0;100;3;1;57;407
BiasedGRASP;BestImprovement;0;100;3;1;57;393
Random;;-1;1000;0;1;57;57
GRASP;FirstImprovement;0;100;3;1;57;363
GRASP;BestImprovement;0;100;3;1;57;356
BiasedGRASP;FirstImprovement;0;100;3;1;57;371
BiasedGRASP;BestImprovement;0;100;3;1;57;350
Random;;-1;1000;0;1;57;47
GRASP;FirstImprovement;0;100;3;1;57;396
GRASP;BestImprovement;0;100;3;1;57;382
BiasedGRASP;FirstImprovement;0;100;3;1;57;407
BiasedGRASP;BestImprovement;0;100;3;1;57;393
Random;;-1;1000;0;1;57;65
GRASP;FirstImprovement;0;100;3;1;57;365
GRASP;BestImprovement;0;100;3;1;57;397
BiasedGRASP;FirstImprovement;0;100;3;1;57;410
BiasedGRASP;BestImprovement;0;100;3;1;57;474
Random;;-1;1000;0;1;57;59
GRASP;FirstImprovement;0.25;100;3;1;57;372
GRASP;BestImprovement;0.25;100;3;1;57;410
BiasedGRASP;FirstImprovement;0.25;100;3;1;57;420
BiasedGRASP;BestImprovement;0.25;100;3;1;57;402
Random;;-1;1000;0;1;57;92
GRASP;FirstImprovement;0.5;100;3;1;57;553
GRASP;BestImprovement;0.5;100;3;1;57;498
BiasedGRASP;FirstImprovement;0.5;100;3;1;57;562
BiasedGRASP;BestImprovement;0.5;100;3;1;57;601
Random;;-1;1000;0;1;57;66
GRASP;FirstImprovement;0.75;100;3;1;57;565
GRASP;BestImprovement;0.75;100;3;1;57;552
BiasedGRASP;FirstImprovement;0.75;100;3;1;57;598
BiasedGRASP;BestImprovement;0.75;100;3;1;57;627
Random;;-1;1000;0;1;57;109
GRASP;FirstImprovement;0;100;3;1;57;363
GRASP;BestImprovement;0;100;3;1;57;389
BiasedGRASP;FirstImprovement;0;100;3;1;57;377
BiasedGRASP;BestImprovement;0;100;3;1;57;374
Random;;-1;1000;0;1;57;59
GRASP;FirstImprovement;0.02415742;100;3;1;57;356
GRASP;BestImprovement;0.4259382;100;3;1;57;389
BiasedGRASP;FirstImprovement;0.6252834;100;3;1;57;514
BiasedGRASP;BestImprovement;0.1571773;100;3;1;57;367
GRASP;FirstImprovement;0.7610116;100;3;1;57;453
GRASP;BestImprovement;0.162453;100;3;1;57;379
BiasedGRASP;FirstImprovement;0.321218;100;3;1;57;411
BiasedGRASP;BestImprovement;0.2734344;100;3;1;57;397
GRASP;FirstImprovement;0;100;3;1;57;395
GRASP;BestImprovement;0;100;3;1;57;366
BiasedGRASP;FirstImprovement;0;100;3;1;57;382
BiasedGRASP;BestImprovement;0;100;3;1;57;386
GRASP;FirstImprovement;0;100;3;1;57;370
GRASP;BestImprovement;0;100;3;1;57;440
BiasedGRASP;FirstImprovement;0;100;3;1;57;386
BiasedGRASP;BestImprovement;0;100;3;1;57;374
GRASP;FirstImprovement;0;100;3;1;57;415
GRASP;BestImprovement;0;100;3;1;57;428
BiasedGRASP;FirstImprovement;0;100;3;1;57;421
BiasedGRASP;BestImprovement;0;100;3;1;57;428
GRASP;FirstImprovement;0;100;3;1;57;362
GRASP;BestImprovement;0;100;3;1;57;351
BiasedGRASP;FirstImprovement;0;100;3;1;57;368
BiasedGRASP;BestImprovement;0;100;3;1;57;370
GRASP;FirstImprovement;0;100;3;1;57;361
GRASP;BestImprovement;0;100;3;1;57;368
BiasedGRASP;FirstImprovement;0;100;3;1;57;365
BiasedGRASP;BestImprovement;0;100;3;1;57;362
GRASP;FirstImprovement;0;100;3;1;57;377
GRASP;BestImprovement;0;100;3;1;57;383
BiasedGRASP;FirstImprovement;0;100;3;1;57;369
BiasedGRASP;BestImprovement;0;100;3;1;57;367
GRASP;FirstImprovement;0;100;3;1;57;400
GRASP;BestImprovement;0;100;3;1;57;399
BiasedGRASP;FirstImprovement;0;100;3;1;57;383
BiasedGRASP;BestImprovement;0;100;3;1;57;404
GRASP;FirstImprovement;0;100;3;1;57;361
GRASP;BestImprovement;0;100;3;1;57;377
BiasedGRASP;FirstImprovement;0;100;3;1;57;378
BiasedGRASP;BestImprovement;0;100;3;1;57;369
GRASP;FirstImprovement;0;100;3;1;57;365
GRASP;BestImprovement;0;100;3;1;57;383
BiasedGRASP;FirstImprovement;0;100;3;1;57;363
BiasedGRASP;BestImprovement;0;100;3;1;57;371
GRASP;FirstImprovement;0.25;100;3;1;57;352
GRASP;BestImprovement;0.25;100;3;1;57;356
BiasedGRASP;FirstImprovement;0.25;100;3;1;57;373
BiasedGRASP;BestImprovement;0.25;100;3;1;57;363
GRASP;FirstImprovement;0.25;100;3;1;57;386
GRASP;BestImprovement;0.25;100;3;1;57;384
BiasedGRASP;FirstImprovement;0.25;100;3;1;57;420
BiasedGRASP;BestImprovement;0.25;100;3;1;57;438
GRASP;FirstImprovement;0.5;100;3;1;57;458
GRASP;BestImprovement;0.5;100;3;1;57;472
BiasedGRASP;FirstImprovement;0.5;100;3;1;57;515
BiasedGRASP;BestImprovement;0.5;100;3;1;57;523
GRASP;FirstImprovement;0.5;100;3;1;57;501
GRASP;BestImprovement;0.5;100;3;1;57;511
BiasedGRASP;FirstImprovement;0.5;100;3;1;57;579
BiasedGRASP;BestImprovement;0.5;100;3;1;57;588
GRASP;FirstImprovement;0.75;100;3;1;57;484
GRASP;BestImprovement;0.75;100;3;1;57;479
BiasedGRASP;FirstImprovement;0.75;100;3;1;57;552
BiasedGRASP;BestImprovement;0.75;100;3;1;57;547
GRASP;FirstImprovement;0.75;100;3;1;57;496
GRASP;BestImprovement;0.75;100;3;1;57;495
BiasedGRASP;FirstImprovement;0.75;100;3;1;57;603
BiasedGRASP;BestImprovement;0.75;100;3;1;57;598
